event,execution_start_time,s3_put_time,key,key_size,value_size
TBE,1708550654.119333,1708550656.1147087,b'\x88X\x1b4\x7f`\x82P\xb4)',0,0
TBE,1708550653.882643,1708550655.8739135,"b""\xb8~v\xf4>\xb4\xeb\x82\xa8'""",0,0
TBE,1708550653.6086507,1708550655.5826735,b'\xf9?\xc3Xl\xfe0\x14\x87\xe6',0,0
TBE,1708550653.3981454,1708550655.4401572,b'\xfa\xd8s`(\x13\x88<\xca\x99',0,0
TBE,1708550653.1679444,1708550655.1590126,b'\x95*\t\x9a=q\xd7y\xad\xf5',0,0
