run_id,e_id,event,exec_start_time,put_time,key,key_size,value_size
c109e7b9af,de250f7282,WRITE,1709295396.7631135,1709295396.766956,c109e7b9afäªh8Q,18,100
c109e7b9af,2702b10d53,WRITE,1709295396.5081532,1709295396.5483162,c109e7b9afÃ¯ô,14,100
c109e7b9af,1ab637b811,WRITE,1709295396.2576091,1709295396.2697563,c109e7b9af,10,100
ab2ab04d23,4a16fad06f,WRITE,1709295108.8038185,1709295110.1301043,ab2ab04d23\\¢v«mr,18,100
ab2ab04d23,643049b935,WRITE,1709295108.366373,1709295109.6721723,ab2ab04d23)w_,14,100
ab2ab04d23,64e9887b5f,WRITE,1709295108.1938078,1709295109.5193276,ab2ab04d23,10,100
